City_ID,City,Lat,Lng,Max Temp,Humidity,Cloudiness,Wind Speed,Country,Date
0,port-aux-francais,-49.35,70.2167,43.48,89,100,37.63,TF,1691370871
1,hammerfest,70.6634,23.6821,52.25,82,100,0.0,NO,1691370893
2,talnakh,69.4865,88.3972,69.21,49,0,5.97,RU,1691370893
3,siwa oasis,29.2041,25.5195,86.41,55,0,10.07,EG,1691370894
4,kayangel,8.0823,134.7173,79.81,86,100,18.68,PW,1691370894
5,sarmiento,-45.5882,-69.07,39.43,65,2,5.53,AR,1691370894
6,revda,56.801,59.9303,58.8,99,27,3.62,RU,1691370894
7,magadan,59.5667,150.8,56.53,55,100,6.73,RU,1691370894
8,waitangi,-43.9535,-176.5597,51.82,77,90,1.01,NZ,1691370894
9,lata,40.1629,-8.3327,65.07,46,0,3.49,PT,1691370894
10,crane,31.3974,-102.3501,99.03,20,0,17.31,US,1691370895
11,sinaloa de leyva,25.8333,-108.2333,91.15,46,18,11.61,MX,1691370895
12,margaret river,-33.95,115.0667,60.01,78,16,10.83,AU,1691370610
13,paka,4.6374,103.4368,82.33,89,40,0.0,MY,1691370895
14,yellowknife,62.456,-114.3525,68.52,40,75,6.91,CA,1691370895
15,san borja,-14.8167,-66.85,78.55,51,0,2.77,BO,1691370895
16,vadso,70.0744,29.7487,56.28,87,75,4.61,NO,1691370895
17,puerto penasco,31.3167,-113.5333,89.91,79,21,21.0,MX,1691370896
18,college,64.8569,-147.8028,79.59,44,75,0.0,US,1691370896
19,afaahiti,-17.75,-149.2833,80.47,75,92,9.42,PF,1691370896
20,smithers,54.7804,-127.1743,69.66,77,100,4.88,CA,1691370655
21,carnarvon,-24.8667,113.6333,72.52,59,50,6.87,AU,1691370896
22,st. john's,47.5649,-52.7093,60.28,96,100,5.01,CA,1691370896
23,callao,-12.0667,-77.15,69.71,73,75,13.8,PE,1691370896
24,newman,37.3138,-121.0208,99.05,10,0,10.2,US,1691370897
25,armacao de buzios,-22.7469,-41.8817,69.85,80,0,21.56,BR,1691370897
26,port elizabeth,-33.918,25.5701,53.89,82,40,6.91,ZA,1691370745
27,polyarnyy,69.1989,33.4478,52.18,80,99,9.64,RU,1691370897
28,nabire,-3.3667,135.4833,84.22,63,52,4.54,ID,1691370897
29,albany,42.6001,-73.9662,70.45,75,100,2.68,US,1691370897
30,askoy,60.4092,5.226,57.96,50,40,6.91,NO,1691370897
31,adamstown,-25.066,-130.1015,69.84,63,68,18.41,PN,1691370898
32,nadym,65.5333,72.5167,67.48,53,6,4.94,RU,1691370898
33,kununurra,-15.7667,128.7333,78.78,31,100,14.97,AU,1691370898
34,puerto ayora,-0.7393,-90.3518,75.54,87,49,5.01,EC,1691370898
35,ludza,56.55,27.7167,73.17,69,0,11.92,LV,1691370898
36,gladstone,-23.85,151.25,74.79,49,0,12.66,AU,1691370899
37,hawaiian paradise park,19.5933,-154.9731,82.04,75,75,8.05,US,1691370899
38,blackmans bay,-43.0167,147.3167,53.73,78,95,3.83,AU,1691370899
39,olonkinbyen,70.9221,-8.7187,39.07,83,100,19.91,SJ,1691370899
40,longyearbyen,78.2186,15.6401,49.84,71,75,11.5,SJ,1691370899
41,puerto natales,-51.7236,-72.4875,27.93,88,57,4.18,CL,1691370900
42,lydenburg,-25.0978,30.4597,43.93,41,0,2.17,ZA,1691370900
43,huautla de jimenez,18.1315,-96.8409,62.15,93,16,2.62,MX,1691370900
44,birao,10.2849,22.7882,71.62,95,100,4.05,CF,1691370900
45,port blair,11.6667,92.75,82.44,83,40,9.22,IN,1691370901
46,el granada,37.5027,-122.4694,92.91,70,0,19.57,US,1691370901
47,aguacatan,15.3431,-91.3117,74.93,56,75,9.22,GT,1691370902
48,harper,4.375,-7.7169,76.06,84,60,6.58,LR,1691370908
49,avarua,-21.2078,-159.775,73.45,94,100,3.44,CK,1691370911
50,east london,-33.0153,27.9116,62.65,77,85,10.58,ZA,1691370911
51,cavalaire-sur-mer,43.174,6.5272,69.62,52,15,23.42,FR,1691370912
52,candelaria,13.9311,121.4233,87.39,71,92,11.23,PH,1691370919
53,broken hill,-31.95,141.4333,52.39,61,4,10.22,AU,1691370922
54,la ronge,55.1001,-105.2842,71.85,56,75,5.75,CA,1691370923
55,wailua homesteads,22.0669,-159.378,86.79,74,20,13.8,US,1691370924
56,santa luzia,-19.7697,-43.8514,67.1,63,0,6.91,BR,1691370924
57,moree,-29.4667,149.85,66.2,51,18,4.27,AU,1691370925
58,iqaluit,63.7506,-68.5145,45.7,81,40,8.99,CA,1691370925
59,whitehorse,60.7161,-135.0538,83.17,28,20,11.5,CA,1691370925
60,dalandzadgad,43.5708,104.425,77.67,28,1,8.5,MN,1691370925
61,reggane,26.7158,0.1714,100.74,12,0,19.95,DZ,1691370926
62,nouadhibou,20.931,-17.0347,69.78,88,100,9.22,MR,1691370926
63,tiksi,71.6872,128.8694,48.24,54,83,5.48,RU,1691370926
64,ancud,-41.8697,-73.8203,40.68,88,0,7.36,CL,1691370926
65,kupang,-10.1667,123.5833,84.78,51,20,13.8,ID,1691370926
66,mejit,10.2753,170.8646,83.37,76,100,17.58,MH,1691370927
67,walvis bay,-22.9575,14.5053,62.82,51,0,0.96,NA,1691370927
68,hillarys,-31.807,115.7404,66.38,84,84,1.99,AU,1691370927
69,westport,41.1415,-73.3579,76.01,78,20,6.91,US,1691370871
70,codrington,-38.2667,141.9667,53.62,71,6,2.1,AU,1691370928
71,oxapampa,-10.5775,-75.4017,61.09,87,79,2.55,PE,1691370928
72,lovisa,60.4566,26.2251,70.29,93,0,11.56,FI,1691370928
73,puerto yuca,2.9383,-73.2083,73.85,94,100,3.96,CO,1691370928
74,ushuaia,-54.8,-68.3,26.74,95,99,5.01,AR,1691370929
75,tolanaro,-25.0319,46.9987,67.84,82,99,13.27,MG,1691370929
76,haiku-pauwela,20.9219,-156.3051,86.02,60,75,25.32,US,1691370929
77,planadas,3.197,-75.6451,75.63,82,100,5.14,CO,1691370929
78,atafu village,-8.5421,-172.5159,83.26,75,6,7.67,TK,1691370929
79,mana,5.6592,-53.7767,79.29,86,6,11.39,GF,1691370930
80,ribeira grande,38.5167,-28.7,69.78,84,23,5.99,PT,1691370930
81,knyaze-volkonskoye,48.4642,135.4567,73.74,49,0,8.39,RU,1691370930
82,edinburgh of the seven seas,-37.0676,-12.3116,52.09,58,56,35.5,SH,1691370930
83,flying fish cove,-10.4217,105.6791,76.68,88,100,12.66,CX,1691370930
84,vernon,50.2581,-119.2691,93.76,22,99,1.14,CA,1691370897
85,west island,-12.1568,96.8225,78.78,89,89,6.91,CC,1691370931
86,inirida,3.8653,-67.9239,75.31,96,98,1.74,CO,1691370931
87,kosikha,53.3617,84.5822,62.37,53,0,6.69,RU,1691370931
88,mokhsogollokh,61.4681,128.9203,72.16,41,3,5.88,RU,1691370931
89,daru,-9.0763,143.2092,78.58,66,73,11.88,PG,1691370932
90,hithadhoo,-0.6,73.0833,82.17,76,87,7.18,MV,1691370932
91,dapa,9.7594,126.0531,84.47,70,99,9.31,PH,1691370932
92,port lincoln,-34.7333,135.8667,55.2,68,100,8.9,AU,1691370933
93,mubende,0.5606,31.39,66.85,59,100,1.77,UG,1691370933
94,halifax,44.6453,-63.5724,66.2,80,33,6.91,CA,1691370933
95,machali,-34.1833,-70.6667,49.73,72,0,3.58,CL,1691370933
96,grytviken,-54.2811,-36.5092,20.73,90,100,6.4,GS,1691370933
97,turbat,26.0023,63.044,80.98,76,89,5.75,PK,1691370934
98,ashland,40.8167,-82.2665,72.14,88,10,10.16,US,1691370894
99,neiafu,-18.65,-173.9833,77.68,88,100,5.75,TO,1691370934
100,wewak,-3.5534,143.6268,81.12,75,100,5.95,PG,1691370934
101,mgandu,-5.95,34.1333,57.47,77,15,7.83,TZ,1691370934
102,muang phon-hong,18.4928,102.4172,74.16,97,100,2.95,LA,1691370934
103,geraldton,-28.7667,114.6,63.01,94,100,5.75,AU,1691370935
104,es castell,39.8795,4.2854,74.08,46,100,20.71,ES,1691370935
105,bredasdorp,-34.5322,20.0403,48.83,95,0,3.02,ZA,1691370935
106,happy valley-goose bay,53.3168,-60.3315,62.91,77,100,8.05,CA,1691370935
107,al jawf,29.5,38.75,75.9,26,0,7.67,SA,1691370935
108,moyale,3.5167,39.0584,64.85,74,82,11.52,KE,1691370936
109,enewetak,11.3474,162.3373,83.68,72,61,9.78,MH,1691370936
110,fale old settlement,-9.3852,-171.2468,83.52,68,3,12.24,TK,1691370936
111,porto novo,6.4965,2.6036,78.62,89,100,9.1,BJ,1691370761
112,vila franca do campo,37.7167,-25.4333,70.21,82,0,3.78,PT,1691370936
113,kolwezi,-10.7148,25.4667,58.87,49,0,4.68,CD,1691370937
114,tromso,69.6496,18.957,51.39,81,100,2.3,NO,1691370937
115,zaraza,9.3503,-65.3245,77.43,77,8,4.29,VE,1691370937
116,bethel,41.3712,-73.414,75.36,77,0,4.61,US,1691370664
117,sao joao da barra,-21.6403,-41.0511,72.34,77,0,21.43,BR,1691370937
118,taoudenni,22.6783,-3.9836,101.97,9,13,8.9,ML,1691370938
119,rongelap,11.1635,166.8941,83.16,76,100,12.3,MH,1691370938
120,beyneu,45.3167,55.2,85.26,28,0,6.62,KZ,1691370938
121,antalaha,-14.9003,50.2788,66.87,88,42,7.67,MG,1691370938
122,shimoda,34.6667,138.95,84.56,78,17,8.16,JP,1691370938
123,hamilton,39.1834,-84.5333,81.23,70,0,4.61,US,1691370939
124,cannonvale,-20.2833,148.7,67.39,68,12,19.57,AU,1691370939
125,gazojak,41.1875,61.4036,76.69,37,23,8.1,TM,1691370939
126,margate,51.3813,1.3862,55.69,83,4,3.0,GB,1691370939
127,talara,-4.5772,-81.2719,72.36,83,0,14.58,PE,1691370939
128,erdenet,49.0333,104.0833,59.34,82,61,2.73,MN,1691370939
129,sisimiut,66.9395,-53.6735,46.4,76,67,3.24,GL,1691370940
130,mahina,-17.5065,-149.489,82.17,65,40,9.22,PF,1691370940
131,thompson,55.7435,-97.8558,64.56,68,40,8.05,CA,1691370940
132,sungai penuh,-2.0833,101.3833,68.92,88,6,1.59,ID,1691370940
133,constantia,44.1833,28.65,70.7,57,6,22.17,RO,1691370940
134,birjand,32.8663,59.2211,70.27,46,0,4.61,IR,1691370940
135,laoang,12.5,125.0167,89.42,56,14,10.2,PH,1691370941
136,kiunga,-6.1219,141.2906,79.63,66,73,5.39,PG,1691370941
137,salida,37.7058,-121.0849,101.89,24,0,13.8,US,1691370403
138,labrador city,52.9463,-66.9114,51.71,93,75,3.44,CA,1691370924
139,salahonda,2.1019,-78.7217,81.07,79,100,11.45,CO,1691370941
140,harstad,68.799,16.5293,54.61,88,100,2.51,NO,1691370941
141,port saint john's,-31.6229,29.5448,65.21,85,91,10.25,ZA,1691370941
142,taro,-8.3862,115.28,73.4,78,71,3.62,ID,1691370942
143,mount pearl,47.5166,-52.7813,59.45,97,100,4.61,CA,1691370942
144,saldanha,-33.0117,17.9442,54.72,89,0,6.51,ZA,1691370942
145,dryden,49.7833,-92.7503,73.69,53,0,5.75,CA,1691370942
146,hermanus,-34.4187,19.2345,54.81,88,0,8.81,ZA,1691370942
147,vorgashor,67.5833,63.95,62.37,94,100,2.84,RU,1691370943
148,darwin,-12.4611,130.8418,80.89,45,0,13.8,AU,1691370838
149,lyskovo,56.0328,45.0422,63.68,82,0,3.65,RU,1691370943
150,madalena,41.2162,-8.3345,70.75,53,0,4.52,PT,1691370943
151,notodden,59.5594,9.2585,60.01,91,100,1.01,NO,1691370944
152,bikenibeu village,1.3673,173.1241,87.76,70,40,3.44,KI,1691370944
153,cestos city,5.46,-9.5828,77.43,79,100,7.61,LR,1691370944
154,fortuna,40.5982,-124.1573,70.93,79,20,17.27,US,1691370944
155,trunovskoye,45.4878,42.1358,72.9,49,0,12.71,RU,1691370944
156,pangody,65.85,74.4859,67.23,54,6,5.32,RU,1691370945
157,jamestown,42.097,-79.2353,72.99,100,100,6.91,US,1691370650
158,taroa,8.7058,171.2275,82.24,81,100,20.42,MH,1691370946
159,papatowai,-46.5619,169.4708,43.0,89,100,8.52,NZ,1691370946
160,miramichi,47.0043,-65.4654,58.44,95,7,4.14,CA,1691370946
161,kapuskasing,49.4169,-82.4331,69.89,83,75,0.0,CA,1691370750
162,port douglas,-16.4833,145.4667,73.29,65,100,16.67,AU,1691370946
163,sitka,57.0531,-135.33,62.49,88,75,8.05,US,1691370712
164,san patricio,28.017,-97.5169,91.18,66,0,15.43,US,1691370947
165,georgetown,5.4112,100.3354,83.95,87,20,4.61,MY,1691370947
166,badger,64.8,-147.5333,79.52,43,100,0.0,US,1691370947
167,nadi,-17.8,177.4167,78.8,83,40,10.36,FJ,1691370775
168,xai-xai,-25.0519,33.6442,59.95,82,0,2.04,MZ,1691370947
169,ketchikan,55.3422,-131.6461,70.27,73,40,8.05,US,1691370734
170,cloquet,46.7216,-92.4594,70.99,67,0,0.0,US,1691370947
171,uliastay,47.7417,96.8444,64.24,46,91,1.92,MN,1691370947
172,bontang,0.1333,117.5,80.35,83,83,5.95,ID,1691370948
173,mangrol,21.1167,70.1167,79.75,84,100,19.84,IN,1691370948
174,lagoa,39.05,-27.9833,72.46,78,0,6.44,PT,1691370948
175,tura,25.5198,90.2201,75.0,99,100,3.89,IN,1691370948
176,invercargill,-46.4,168.35,44.02,86,100,18.99,NZ,1691370877
177,palikir - national government center,6.9248,158.1611,83.25,94,100,20.71,FM,1691370948
178,jilib,0.4883,42.7854,72.34,90,98,8.84,SO,1691370948
179,laojunmiao,39.8333,97.7333,74.43,25,90,5.28,CN,1691370949
180,egilsstadir,65.2653,-14.3948,39.11,100,100,2.3,IS,1691370949
181,isafjordur,66.0755,-23.124,49.95,57,27,5.17,IS,1691370949
182,hadibu,12.65,54.0333,77.38,80,92,22.37,YE,1691370949
183,bilibino,68.0546,166.4372,34.81,89,100,8.28,RU,1691370949
184,manistee,44.2445,-86.3242,67.8,77,100,0.0,US,1691370949
185,kirakira,-10.4544,161.9205,80.76,82,70,5.68,SB,1691370950
186,pisco,-13.7,-76.2167,66.25,77,0,16.11,PE,1691370950
187,conceicao do rio verde,-21.8808,-45.0853,61.2,49,0,3.91,BR,1691370950
188,yevpatoriya,45.1972,33.3558,77.25,86,69,15.28,UA,1691370950
189,hualien city,23.9769,121.6044,90.37,60,99,3.15,TW,1691370950
190,jiazi,22.8779,116.067,86.58,74,14,11.41,CN,1691370951
191,vrangel',42.7297,133.0839,68.18,71,58,15.17,RU,1691370951
192,lompoc,34.6391,-120.4579,91.69,78,20,6.91,US,1691370951
193,cabo san lucas,22.8909,-109.9124,88.61,73,75,9.22,MX,1691370951
194,murang'a,-0.7167,37.15,60.67,78,99,2.73,KE,1691370951
195,galveston,29.3669,-94.9669,91.18,73,0,12.66,US,1691370951
196,nar'yan-mar,67.6713,53.087,55.02,95,100,9.6,RU,1691370951
197,tazovsky,67.4667,78.7,60.26,60,15,4.7,RU,1691370693
198,anadyr,64.75,177.4833,54.1,93,75,11.18,RU,1691370952
199,itaituba,-4.2761,-55.9836,85.06,49,98,2.86,BR,1691370952
200,koidu,8.4167,-10.8333,70.68,100,100,1.9,SL,1691370952
201,carauari,-4.8828,-66.8958,81.18,58,63,2.3,BR,1691370952
202,ulsteinvik,62.3432,5.8487,59.76,80,100,14.0,NO,1691370953
203,christchurch,-43.5333,172.6333,59.41,73,100,5.75,NZ,1691370953
204,luderitz,-26.6481,15.1594,61.54,64,0,8.52,NA,1691370953
205,dzilam gonzalez,21.2833,-88.9333,82.53,75,0,7.25,MX,1691370953
206,yulinshi,38.2906,109.7494,80.74,48,98,10.22,CN,1691370953
207,manta,-0.95,-80.7333,78.58,78,75,17.0,EC,1691370953
208,pandan,14.0453,124.1694,86.94,69,24,10.09,PH,1691370954
209,khurba,50.4072,136.8819,75.49,40,0,3.13,RU,1691370954
210,acarau,-2.8856,-40.12,79.03,83,15,16.87,BR,1691370836
211,ola,59.5833,151.2833,57.15,50,100,13.53,RU,1691370788
212,katsuren-haebaru,26.3369,127.8719,82.42,88,100,23.02,JP,1691370954
213,lagunas,-5.2269,-75.6753,76.89,79,31,3.27,PE,1691370954
214,batang,-6.4846,110.7083,82.33,63,0,5.37,ID,1691370954
215,saipan,15.1355,145.701,88.5,100,40,6.91,MP,1691370716
216,muscat,23.6139,58.5922,86.02,77,100,6.98,OM,1691370955
217,fort bragg,35.139,-79.006,85.82,71,100,8.05,US,1691370955
218,new norfolk,-42.7826,147.0587,54.91,70,98,3.02,AU,1691370955
219,kodiak,57.79,-152.4072,53.11,94,100,13.8,US,1691370955
220,las palmas de gran canaria,28.0997,-15.4134,73.78,73,20,5.75,ES,1691370955
221,marine corps base hawaii - mcbh,21.4453,-157.7513,87.76,65,75,13.8,US,1691370955
222,colac,-38.3333,143.5833,53.17,64,5,0.56,AU,1691370956
223,yigo village,13.5361,144.8886,81.73,87,0,5.75,GU,1691370956
224,santa teresa,10.2341,-66.6631,75.24,92,9,2.21,VE,1691370956
225,suva,-18.1416,178.4415,80.08,78,75,5.75,FJ,1691370956
226,meadow lake,34.8014,-106.5436,98.15,12,89,19.75,US,1691370956
227,port alfred,-33.5906,26.891,53.19,92,6,9.22,ZA,1691370956
228,rio grande,-32.035,-52.0986,72.95,85,48,6.49,BR,1691370826
229,lepsy,46.235,78.9456,72.9,57,99,5.66,KZ,1691370957
230,punta arenas,-53.15,-70.9167,35.19,71,57,16.89,CL,1691370957
231,iskateley,67.6803,53.1512,54.88,95,99,9.44,RU,1691370957
232,hasaki,35.7333,140.8333,93.29,81,42,10.54,JP,1691370957
233,sakakah,29.9697,40.2064,80.17,16,0,9.22,SA,1691370957
234,pacific grove,36.6177,-121.9166,80.38,80,0,8.05,US,1691370714
235,shadrinsk,56.0852,63.6335,63.21,96,14,5.39,RU,1691370957
236,saint-philippe,-21.3585,55.7679,67.59,77,48,15.66,RE,1691370958
237,alofi,-19.0595,-169.9187,76.89,94,100,6.91,NU,1691370958
238,dodge city,37.7528,-100.0171,80.85,52,0,10.36,US,1691370958
239,hazorasp,41.3194,61.0742,73.24,37,5,7.31,UZ,1691370958
240,chui,-33.6971,-53.4616,62.42,96,48,7.45,UY,1691370958
241,selfoss,63.9331,-20.9971,50.04,90,100,3.62,IS,1691370958
242,juan griego,11.0817,-63.9655,84.33,79,26,11.5,VE,1691370959
243,greenville,35.6127,-77.3663,80.76,76,0,11.5,US,1691370959
244,la libertad,-2.2333,-80.9,73.15,85,100,7.11,EC,1691370959
245,lebu,-37.6167,-73.65,49.19,85,0,6.04,CL,1691370959
246,perm,58.0174,56.2855,62.06,88,0,4.47,RU,1691370959
247,nova sintra,14.8667,-24.7167,73.29,81,85,9.51,CV,1691370959
248,norman gardens,-23.3224,150.5393,72.12,49,0,11.5,AU,1691370959
249,ormara,25.2088,64.6357,80.98,82,100,16.51,PK,1691370960
250,kapa'a,22.0752,-159.319,88.12,73,20,13.8,US,1691370960
251,ko pha ngan,9.7578,100.0291,81.28,76,80,13.06,TH,1691370960
252,tralee,52.2704,-9.7026,51.6,89,100,3.98,IE,1691370960
253,platnirovskaya,45.3953,39.3842,76.91,53,0,6.35,RU,1691370960
254,petropavlovsk-kamchatsky,53.0452,158.6483,61.39,100,75,2.24,RU,1691370960
255,pultusk,52.7025,21.0828,63.05,90,100,11.74,PL,1691370960
256,barcelos,41.5388,-8.6151,70.84,46,0,5.75,PT,1691370961
257,aasiaat,68.7098,-52.8699,35.2,74,89,5.77,GL,1691370961
258,tazacorte,28.629,-17.9293,72.57,85,0,5.01,ES,1691370961
259,nuuk,64.1835,-51.7216,47.88,87,0,5.01,GL,1691370961
260,taybad,34.74,60.7756,78.3,40,0,14.29,IR,1691370962
261,kristiansund,63.1115,7.732,55.45,82,100,12.66,NO,1691370962
262,yaren,-0.5472,166.916,83.34,73,8,5.86,NR,1691370962
263,cambria,35.5641,-121.0808,104.77,55,13,11.14,US,1691370962
264,holualoa,19.6228,-155.9522,81.77,72,0,10.36,US,1691370962
265,shahr-e babak,30.1165,55.1186,76.14,21,0,9.55,IR,1691370962
266,wayne,42.2506,-83.2833,70.03,95,100,8.05,US,1691370963
267,alness,57.696,-4.2551,53.69,92,54,2.95,GB,1691370963
268,batouri,4.4333,14.3667,68.45,100,100,4.03,CM,1691370963
269,pekan,3.4836,103.3996,82.51,80,71,3.98,MY,1691370963
270,kerema,-7.9631,145.7785,77.58,70,61,4.88,PG,1691370963
271,mount gambier,-37.8333,140.7667,54.54,64,4,1.74,AU,1691370783
272,stanley,54.868,-1.6985,46.89,94,20,1.14,GB,1691370929
273,rayong,12.8333,101.4333,86.31,81,100,7.61,TH,1691370964
274,itupiranga,-5.1347,-49.3267,80.92,50,27,2.35,BR,1691370964
275,kuanda,56.3161,116.0806,72.81,45,94,1.43,RU,1691370964
276,tabuk,17.4189,121.4443,84.54,65,100,1.79,PH,1691370965
277,qaqortoq,60.7167,-46.0333,41.23,91,25,3.91,GL,1691370965
278,minas de marcona,-15.2119,-75.1103,55.51,84,24,11.65,PE,1691370965
279,sattahip,12.6664,100.9007,87.51,79,20,10.36,TH,1691370957
280,salalah,17.0151,54.0924,77.09,100,100,4.61,OM,1691370765
281,yoloten,37.2989,62.3597,78.35,29,0,7.16,TM,1691370965
282,livingston,55.9029,-3.5226,53.11,90,75,6.91,GB,1691370878
283,nizhneudinsk,54.9076,99.0276,55.44,95,100,1.79,RU,1691370966
284,chonchi,-42.6128,-73.8092,37.11,94,7,0.07,CL,1691370966
285,khovd,48.0056,91.6419,69.28,37,19,1.45,MN,1691370966
286,mahibadhoo,3.7833,72.9667,83.01,75,100,12.17,MV,1691370966
287,ungsang-nodongjagu,42.3578,130.4622,64.29,93,100,8.48,KP,1691370967
288,kourou,5.1552,-52.6478,80.65,88,5,9.82,GF,1691370967
289,udachny,66.4167,112.4,61.45,58,91,10.67,RU,1691370967
290,warrnambool,-38.3833,142.4833,52.34,71,6,1.79,AU,1691370967
291,dumfries,38.5676,-77.328,76.98,76,100,1.01,US,1691370841
292,conceicao da barra,-18.5933,-39.7322,71.11,80,42,6.78,BR,1691370668
293,sinabang,2.4803,96.3801,80.53,80,99,2.82,ID,1691370968
294,inhambane,-23.865,35.3833,63.28,78,0,5.19,MZ,1691370968
295,valdivia,-39.8142,-73.2459,39.29,97,0,2.66,CL,1691370968
296,remire-montjoly,4.9167,-52.2667,80.64,83,0,0.0,GF,1691370969
297,tsiombe,-25.3,45.4833,62.02,87,0,6.29,MG,1691370969
298,n'zeto,-7.2312,12.8666,70.48,91,100,5.46,AO,1691370969
299,ta`u,-14.2336,-169.5144,80.6,75,75,6.53,AS,1691370969
300,uturoa,-16.7333,-151.4333,78.93,75,76,12.53,PF,1691370969
301,qarauyl,48.9451,79.255,63.84,83,100,5.5,KZ,1691370970
302,ust-nera,64.5667,143.2,50.7,45,21,7.23,RU,1691370970
303,khamis mushait,18.3064,42.7292,68.61,83,20,0.0,SA,1691370970
304,fort mcmurray,56.7268,-111.381,67.59,72,75,5.75,CA,1691370781
305,tchibanga,-2.85,11.0333,66.18,93,100,2.44,GA,1691370970
306,pasni,25.2631,63.471,80.91,81,100,11.07,PK,1691370970
307,lethem,3.3803,-59.7968,81.7,67,35,3.65,GY,1691370970
308,quellon,-43.1167,-73.6167,32.25,100,27,0.0,CL,1691370971
309,lihue,21.9789,-159.3672,87.39,65,20,13.8,US,1691370971
310,mazamari,-11.3258,-74.5308,78.03,60,95,1.52,PE,1691370971
311,sogndal,61.2283,7.1003,55.78,100,20,0.0,NO,1691370971
312,mazagao,-0.115,-51.2894,84.25,84,11,6.64,BR,1691370972
313,semey,50.4111,80.2275,64.62,82,0,2.24,KZ,1691370972
314,bambanglipuro,-7.95,110.2833,77.49,79,15,9.08,ID,1691370972
315,brookings,44.3114,-96.7984,66.18,95,75,4.61,US,1691370972
316,salekhard,66.53,66.6019,68.02,61,0,0.72,RU,1691370972
317,rakops,-21.0167,24.3333,54.52,57,6,7.56,BW,1691370678
318,hauterive,46.0901,3.4459,59.76,88,69,0.43,FR,1691370973
319,port mathurin,-19.6833,63.4167,72.88,56,100,22.37,MU,1691370973
320,venev,54.3553,38.2684,66.29,78,3,9.66,RU,1691370973
321,juuka,63.2333,29.25,60.57,87,5,9.89,FI,1691370973
322,hirna,9.2167,41.1,60.53,85,66,6.55,ET,1691370973
323,kendari,-3.945,122.4989,80.82,67,14,1.68,ID,1691370973
324,santiago de cao,-7.9589,-79.2392,71.73,78,100,9.22,PE,1691370974
325,la mira,18.035,-102.3266,83.21,78,45,5.59,MX,1691370974
326,lakatoro,-16.0999,167.4164,77.25,70,48,12.91,VU,1691370974
327,wau,7.7029,27.9953,71.42,86,48,2.86,SS,1691370974
328,concepcion,-36.827,-73.0498,49.8,93,0,3.44,CL,1691370725
329,rimouski,48.4488,-68.524,62.78,92,75,3.13,CA,1691370975
330,mubi,10.2676,13.2644,69.66,96,100,9.24,NG,1691370975
331,nishishinminato,36.7833,137.0667,93.76,46,75,5.75,JP,1691370975
332,yuzhno-kurilsk,44.0306,145.8556,59.05,97,100,6.73,RU,1691370975
333,urangan,-25.3,152.9,66.25,73,11,15.88,AU,1691370975
334,ventspils,57.3894,21.5606,76.93,69,0,6.91,LV,1691370976
335,kargasok,59.0556,80.8572,60.28,68,100,7.07,RU,1691370976
336,nacala,-14.5428,40.6728,68.16,93,40,7.63,MZ,1691370976
337,kayenta,36.7278,-110.2546,89.67,7,1,23.94,US,1691370976
338,debar,41.525,20.5275,51.75,89,8,1.12,MK,1691370977
339,huarmey,-10.0681,-78.1522,67.06,82,52,8.59,PE,1691370977
340,celestun,20.8667,-90.4,84.07,74,8,14.81,MX,1691370977
341,labuan,5.2767,115.2417,84.56,79,20,3.44,MY,1691370977
342,nuku'alofa,-21.1333,-175.2,75.54,78,100,16.11,TO,1691370977
343,kavieng,-2.5744,150.7967,82.56,70,100,15.41,PG,1691370978
344,kudahuvadhoo,2.6708,72.8944,83.21,74,100,9.19,MV,1691370978
345,claveria,18.6074,121.0832,85.44,71,90,12.17,PH,1691370978
346,bahia de caraquez,-0.6,-80.4167,78.98,82,100,4.38,EC,1691370978
347,chrysoupolis,40.9856,24.6939,72.34,50,0,5.19,GR,1691370979
348,bor,56.3567,44.0669,62.53,78,0,4.09,RU,1691370979
349,praia da vitoria,38.7333,-27.0667,71.85,88,20,8.81,PT,1691370979
350,weno,7.4515,151.8468,82.76,79,89,22.37,FM,1691370979
351,la'ie,21.6477,-157.9253,87.76,65,12,1.99,US,1691370979
352,sibu,2.3,111.8167,80.91,89,40,6.91,MY,1691370979
353,thayetmyo,19.3167,95.1833,76.55,93,100,6.78,MM,1691370980
354,toormina,-30.3526,153.0903,67.89,56,75,14.97,AU,1691370980
355,kuybyshev,55.4475,78.3218,63.36,60,91,5.66,RU,1691370980
356,hobyo,5.3505,48.5268,76.21,84,37,24.83,SO,1691370980
357,archangelos,36.2149,28.1149,77.31,85,0,7.07,GR,1691370980
358,san cristobal cucho,14.9,-91.7833,58.08,90,45,4.7,GT,1691370981
359,warmbad,-28.45,18.7333,62.51,27,0,4.03,NA,1691370981
360,utrik,11.2278,169.8474,82.74,78,100,15.61,MH,1691370981
361,tenenkou,14.4572,-4.9169,77.95,66,100,7.92,ML,1691370981
362,florence,43.7667,11.25,68.23,86,40,4.61,IT,1691370981
363,quang ngai,15.1167,108.8,89.13,54,100,5.97,VN,1691370981
364,lospalos,-8.5186,127.0025,74.35,68,6,14.29,TL,1691370982
365,dolinsk,47.35,142.8,66.83,64,0,4.65,RU,1691370982
366,kinkala,-4.3614,14.7644,67.82,69,5,3.33,CG,1691370982
367,letlhakane,-21.4167,25.5833,52.5,67,59,9.19,BW,1691370982
368,dakhla,23.6848,-15.958,67.32,94,2,11.74,EH,1691370725
369,lensk,60.7253,114.9278,68.83,83,94,4.83,RU,1691370983
370,conception bay south,47.4999,-52.9981,60.04,97,100,5.08,CA,1691370983
371,brezina,33.0989,1.2608,83.71,25,0,4.29,DZ,1691370983
372,tidjikja,18.5564,-11.4271,90.39,31,97,14.7,MR,1691370983
373,dudinka,69.4058,86.1778,69.62,55,8,1.86,RU,1691370983
374,shubarshi,48.5872,57.1869,72.43,52,57,11.9,KZ,1691370984
375,la sarre,48.8002,-79.1996,63.03,57,99,4.21,CA,1691370984
376,gobabis,-22.45,18.9667,50.59,32,5,10.96,NA,1691370984
377,ilha de mocambique,-15.0342,40.7358,73.94,82,99,13.53,MZ,1691370984
378,sorong,-0.8833,131.25,79.65,80,100,17.96,ID,1691370782
379,den burg,53.0542,4.7972,58.98,89,75,18.41,NL,1691370984
380,kuta,-8.7233,115.1723,80.55,83,20,15.01,ID,1691370985
381,koryazhma,61.3143,47.1691,61.38,86,82,3.15,RU,1691370746
382,clarion,41.2148,-79.3853,74.66,89,100,6.04,US,1691370985
383,akobo,7.4344,3.9497,71.33,98,100,3.89,NG,1691370985
384,kita,13.0349,-9.4895,70.57,91,100,3.0,ML,1691370985
385,gebeit,21.0667,36.3167,85.32,30,1,4.47,SD,1691370985
386,kani keli,-12.9536,45.1033,76.26,72,2,16.82,YT,1691370986
387,tarawa,1.419,172.984,87.89,70,40,3.44,KI,1691370986
388,tadine,-21.55,167.8833,70.11,68,56,16.17,NC,1691370986
389,klyuchi,52.2667,79.1667,60.49,65,0,8.57,RU,1691370986
390,basco,20.4487,121.9702,82.45,87,27,27.56,PH,1691370986
391,bandarbeyla,9.4942,50.8122,76.24,77,12,28.43,SO,1691370986
392,yeppoon,-23.1333,150.7333,73.18,63,0,14.38,AU,1691370987
393,santa ines,-3.6667,-45.38,77.63,79,56,4.92,BR,1691370987
394,bonthe,7.5264,-12.505,77.77,80,100,6.2,SL,1691370987
395,penrith,54.6658,-2.7576,54.34,92,0,1.36,GB,1691370987
396,myrhorod,49.9685,33.6089,79.29,45,0,17.45,UA,1691370987
397,cukai,4.25,103.4167,82.35,79,86,2.57,MY,1691370987
398,una,20.8167,71.0333,79.02,83,100,17.13,IN,1691370988
399,punta del este,-34.9667,-54.95,57.31,85,100,11.01,UY,1691370988
400,yarmouth,41.7057,-70.2286,72.0,77,0,9.22,US,1691370988
401,ilulissat,69.2167,-51.1,46.42,61,18,0.0,GL,1691370988
402,igunga,-4.2833,33.8833,66.51,60,10,7.76,TZ,1691370988
403,dubreka,9.7911,-13.5233,76.35,95,100,1.88,GN,1691370989
404,severo-yeniseyskiy,60.3725,93.0408,48.6,96,100,3.22,RU,1691370989
405,nizhneangarsk,55.7833,109.55,60.39,72,46,1.59,RU,1691370989
406,nishinoomote,30.7333,131.0,81.16,100,75,13.8,JP,1691370989
407,ayame,5.6083,-3.1563,71.47,98,96,3.36,CI,1691370989
408,la manga del mar menor,37.6413,-0.7165,80.6,81,20,8.05,ES,1691370990
409,hefei,31.8639,117.2808,85.23,77,26,7.27,CN,1691370840
410,indiana,40.0003,-86.2503,74.79,86,40,0.0,US,1691370990
411,santa elena de uairen,4.6167,-61.1333,69.33,85,49,2.37,VE,1691370990
412,nyrob,60.733,56.7202,62.4,88,95,4.03,RU,1691370990
413,zaozersk,69.4005,32.4476,51.69,82,100,6.17,RU,1691370990
414,port macquarie,-31.4333,152.9167,65.89,67,66,10.04,AU,1691370714
415,novodvinsk,64.4165,40.8122,53.47,91,100,3.8,RU,1691370991
416,mossel bay,-34.1831,22.146,48.13,82,0,5.06,ZA,1691370991
417,phongsali,21.6833,102.1058,63.07,100,100,1.92,LA,1691370991
418,chrzanow,50.1355,19.402,59.23,95,100,10.87,PL,1691370991
419,puerto baquerizo moreno,-0.9,-89.6,74.8,72,73,14.05,EC,1691370992
420,flin flon,54.7682,-101.865,68.7,52,100,5.93,CA,1691370992
421,alice springs,-23.7,133.8833,58.55,47,0,9.22,AU,1691370886
422,mancha real,37.7863,-3.6123,81.41,29,0,5.12,ES,1691370992
423,kolokani,13.5728,-8.0339,72.37,86,100,6.73,ML,1691370992
424,san juan,-31.5375,-68.5364,60.24,29,4,10.87,AR,1691370809
425,punaauia,-17.6333,-149.6,82.04,65,40,9.22,PF,1691370993
426,amalapuram,16.5833,82.0167,81.39,74,97,7.47,IN,1691370993
427,sarangani,5.4033,125.4636,83.12,75,99,13.38,PH,1691370993
428,denbigh,53.1833,-3.4167,57.11,94,10,4.79,GB,1691370994
429,kerikeri,-35.2268,173.9474,57.9,87,100,1.99,NZ,1691370994
430,la rioja,42.25,-2.5,47.98,81,6,4.07,ES,1691370994
431,colonia,50.9333,6.95,56.05,89,100,17.27,DE,1691370945
432,barclayville,4.6797,-8.2339,76.17,82,77,4.68,LR,1691370994
433,bestobe,52.4994,73.0975,64.02,57,0,7.67,KZ,1691370994
434,queenstown,-31.8976,26.8753,47.35,57,0,2.24,ZA,1691370995
435,palmerston north,-40.35,175.6167,54.77,83,100,3.0,NZ,1691370995
436,marshall,34.3834,-86.3333,74.91,96,0,0.0,US,1691370995
437,gadzhiyevo,69.2551,33.3362,51.6,81,99,9.44,RU,1691370995
438,bistrica ob sotli,46.0589,15.6642,60.06,92,100,2.26,SI,1691370996
439,caleta de carquin,-11.0925,-77.6267,66.43,79,52,9.57,PE,1691370996
440,trenggalek,-8.05,111.7167,74.62,89,89,5.73,ID,1691370996
441,keflavik,64.0049,-22.5624,52.23,93,75,6.91,IS,1691370996
442,ulan bator,47.9077,106.8832,59.13,82,40,2.24,MN,1691370707
443,freeport,40.6576,-73.5832,77.97,77,0,10.36,US,1691370996
444,ayios konstandinos,38.6333,21.4,59.11,75,0,3.94,GR,1691370996
445,portland,45.5234,-122.6762,84.58,55,20,8.05,US,1691370765
446,zhuanghe,39.7008,122.9911,75.97,72,81,8.21,CN,1691370997
447,klaksvik,62.2266,-6.589,52.72,90,99,10.11,FO,1691370997
448,kone,-21.0595,164.8658,76.05,46,11,7.61,NC,1691370997
449,el bolson,-41.9667,-71.5167,35.31,91,2,3.83,AR,1691370997
450,finley,46.154,-119.0339,88.27,45,0,4.61,US,1691370997
451,mamuju,-2.6748,118.8885,82.56,73,42,1.16,ID,1691370998
452,orhaneli,39.9033,28.9906,67.77,65,0,3.11,TR,1691370998
453,fort st. john,56.2499,-120.8529,78.69,34,75,0.0,CA,1691370998
454,cockburn town,21.4612,-71.1419,84.6,85,0,19.86,TC,1691370844
455,faratsiho,-19.4,46.95,45.01,88,5,4.74,MG,1691370998
456,'ain el melh,34.8415,4.1638,74.93,32,0,4.23,DZ,1691370999
457,bathurst,-33.4166,149.5806,55.96,61,15,1.01,AU,1691370999
458,sangkhla buri,15.1555,98.4536,75.51,94,100,0.76,TH,1691370999
459,amga,60.8953,131.9608,71.62,31,10,6.22,RU,1691370999
460,choma,-16.8065,26.9531,53.38,81,3,4.7,ZM,1691370999
461,forster,-32.1667,152.5167,64.38,64,91,8.34,AU,1691371000
462,choyr,46.3611,108.3611,66.33,61,22,7.05,MN,1691371000
463,brisas de zicatela,15.8369,-97.0419,86.52,58,100,0.0,MX,1691371000
464,taco pozo,-25.6167,-63.2833,76.82,36,0,6.24,AR,1691371000
465,acapulco de juarez,16.8634,-99.8901,87.62,66,75,9.22,MX,1691370884
466,dondo,-19.6094,34.7431,63.91,94,1,2.95,MZ,1691371000
467,worland,44.0169,-107.9554,65.55,68,100,10.36,US,1691370894
468,cunha,-23.0744,-44.9597,61.48,63,0,2.51,BR,1691371001
469,qamdo,31.1667,97.2333,46.78,69,83,2.98,CN,1691371001
470,sao vicente,-23.9631,-46.3919,82.58,26,0,2.8,BR,1691370810
471,morant bay,17.8815,-76.4093,84.7,83,2,8.99,JM,1691371001
472,horta,38.5333,-28.6333,69.03,84,22,5.99,PT,1691371001
473,kailua-kona,19.6406,-155.9956,85.5,72,0,10.36,US,1691371001
474,itoman,26.1247,127.6694,82.42,89,75,29.93,JP,1691371001
475,majie,25.0333,102.6361,64.38,100,75,8.95,CN,1691371002
476,kenai,60.5544,-151.2583,63.14,95,75,11.5,US,1691371002
477,ust'-ilimsk,58.0006,102.6619,59.81,68,94,1.83,RU,1691370926
478,kalevala,65.2,31.1667,57.81,83,88,7.85,RU,1691371002
479,olyokminsk,60.3736,120.4264,76.14,57,100,1.95,RU,1691371002
480,nogliki,51.8333,143.1667,69.94,52,3,10.38,RU,1691371002
481,garoua boulai,5.8833,14.55,64.89,99,100,4.83,CM,1691371003
482,linqiong,30.4159,103.4609,78.62,81,100,1.99,CN,1691371003
483,porto recanati,43.4365,13.6613,66.97,48,0,6.91,IT,1691371003
484,sudzha,51.1976,35.2726,75.6,52,0,17.02,RU,1691371003
485,chany,55.3121,76.7647,62.06,65,83,5.79,RU,1691371003
486,vygonichi,53.0985,34.0673,73.22,62,2,13.33,RU,1691371003
487,imbituba,-28.24,-48.6703,64.87,82,0,10.38,BR,1691371004
488,malabar,-33.9667,151.25,64.02,70,93,13.04,AU,1691371004
489,ngala,12.3377,14.1805,77.14,79,100,10.78,NG,1691371004
490,vihari,30.0333,72.35,88.23,55,10,16.53,PK,1691371004
491,maba,24.6841,113.5984,87.33,67,4,2.33,CN,1691371004
492,sebdou,34.637,-1.3314,65.5,29,1,3.8,DZ,1691371004
493,shache,38.4167,77.2406,74.71,47,100,3.69,CN,1691371005
494,mont belvieu,29.8477,-94.8908,93.92,59,45,13.27,US,1691370751
495,turochak,52.2576,87.1224,61.48,90,66,1.72,RU,1691371005
496,sinop,41.7711,34.8709,72.45,55,0,4.12,TR,1691371005
497,cidreira,-30.1811,-50.2056,65.84,77,5,5.32,BR,1691371005
498,los chavez,34.727,-106.7384,100.35,11,99,10.0,US,1691371005
499,ca mau,9.1769,105.15,84.15,71,100,8.81,VN,1691371005
500,sylvan lake,52.3168,-114.0853,72.36,54,20,8.05,CA,1691371006
501,san juan bautista,-14.0108,-75.7358,68.22,62,4,1.83,PE,1691371006
502,bengkulu,-3.8004,102.2655,75.6,86,65,3.27,ID,1691371006
503,isla vista,34.4133,-119.861,91.9,57,0,4.61,US,1691371006
504,itaguai,-22.8522,-43.7753,65.82,100,20,2.3,BR,1691371006
505,gaigeturi,33.4644,126.3183,87.85,74,40,6.91,KR,1691371006
506,tashtagol,52.7657,87.8894,60.96,86,16,1.16,RU,1691371006
507,bhamo,24.2667,97.2333,74.59,100,100,1.05,MM,1691371007
508,mar del plata,-38.0023,-57.5575,51.1,76,0,11.5,AR,1691371007
509,puerto leguizamo,-0.1934,-74.7819,71.71,94,100,2.19,CO,1691371007
510,ellsworth,44.5434,-68.4195,68.54,79,0,0.0,US,1691371007
511,raja,8.4596,25.678,68.31,97,78,2.59,SS,1691371007
512,illizi,26.4833,8.4667,89.4,23,0,6.73,DZ,1691371007
513,madara,11.7798,10.4479,73.56,86,100,8.21,NG,1691371007
514,faranah,10.0404,-10.7434,70.23,98,95,7.92,GN,1691371008
515,"laikit, laikit ii (dimembe)",1.4792,124.9735,85.05,55,20,14.97,ID,1691371008
516,paphos,34.7667,32.4167,74.98,64,0,5.75,CY,1691371008
517,kenitra,34.261,-6.5802,74.16,84,82,10.78,MA,1691371008
518,constitucion,-35.3333,-72.4167,52.47,86,0,7.96,CL,1691371008
519,bozkurt,41.9577,34.0109,79.61,59,0,6.55,TR,1691371008
520,galle,6.0367,80.217,80.19,85,95,12.5,LK,1691371008
521,gazipasa,36.2694,32.3179,78.89,73,40,3.44,TR,1691371009
522,khandyga,62.6667,135.6,67.01,33,89,12.28,RU,1691371009
523,coahuayana de hidalgo,18.7,-103.6583,83.19,78,100,3.85,MX,1691371009
524,shalqar,47.8333,59.6,73.56,63,0,10.02,KZ,1691371009
525,uvira,-3.4067,29.1458,73.44,62,100,1.7,CD,1691370815
526,lima,-12.0432,-77.0282,66.9,80,75,13.8,PE,1691371009
527,alta,69.9689,23.2717,47.46,87,100,2.3,NO,1691371009
528,susuman,62.7833,148.1667,46.31,51,81,11.95,RU,1691371010
529,kerewan,13.4898,-16.0888,79.27,87,100,7.9,GM,1691371010
530,palmer,42.1584,-72.3287,71.15,77,75,0.0,US,1691370792
531,huehuetenango,15.3197,-91.4708,72.21,56,75,9.22,GT,1691371010
532,mutuali,-14.8706,37.0044,60.48,83,3,3.36,MZ,1691371010
533,vilyuchinsk,52.9306,158.4028,62.87,78,100,6.6,RU,1691371010
534,chicomuselo,15.7667,-92.2667,76.66,68,0,4.76,MX,1691371011
535,okhotsk,59.3833,143.3,56.41,80,100,12.37,RU,1691371011
536,santana,-0.0583,-51.1817,84.38,84,40,14.97,BR,1691371011
537,muncar,-8.4333,114.3333,77.72,82,11,7.99,ID,1691371011
538,gunjur,13.2019,-16.7339,78.87,94,75,0.0,GM,1691371011
539,sidhi,24.4167,81.8833,76.42,90,100,10.38,IN,1691371011
540,kingston,17.997,-76.7936,84.2,80,1,1.01,JM,1691370820
541,le morne-rouge,14.7667,-61.1333,72.97,83,78,9.64,MQ,1691371012
542,inari,68.906,27.0288,50.2,86,98,4.94,FI,1691371012
543,tchintabaraden,15.8969,5.7985,85.03,56,100,2.17,NE,1691371012
544,bridgewater,44.3835,-64.5155,66.67,68,4,9.22,CA,1691370768
545,esquina,-30.0144,-59.5272,75.83,53,67,12.28,AR,1691371012
546,ankang,32.68,109.0172,81.1,81,43,2.55,CN,1691371012
547,baracoa,20.3467,-74.4958,82.17,89,22,7.29,CU,1691371012
548,bahia blanca,-38.7196,-62.2724,46.81,66,0,8.99,AR,1691371013
549,kemijarvi,66.7131,27.4306,56.91,76,100,4.47,FI,1691371013
550,novyy turtkul',41.55,61.0167,73.31,40,5,7.18,UZ,1691371013
551,tulucesti,45.5667,28.0333,65.43,81,0,11.01,RO,1691371013
552,jayapura,-2.5333,140.7,87.19,70,99,4.81,ID,1691370925
553,mersa matruh,31.3525,27.2453,80.8,83,40,6.91,EG,1691371013
554,las heras,-46.5419,-68.9359,34.05,62,1,6.04,AR,1691371013
555,suileng,47.25,127.0833,67.24,77,100,11.81,CN,1691371014
556,al khums,32.6486,14.2619,77.27,68,0,10.47,LY,1691371014
557,laguna,38.421,-121.4238,103.53,12,0,11.5,US,1691371014
558,zakamensk,50.3741,103.2863,62.49,82,84,0.89,RU,1691371014
559,san antonio de pale,-1.4014,5.6325,74.28,76,100,8.99,GQ,1691371014
560,sault ste. marie,46.5168,-84.3333,68.29,67,0,2.3,CA,1691370897
561,rayleigh,51.5857,0.6046,56.41,79,0,5.99,GB,1691371015
562,damavand,35.7178,52.065,71.01,33,82,5.53,IR,1691371015
563,airway heights,47.6446,-117.5933,81.18,41,40,4.61,US,1691371016
564,coquimbo,-29.9533,-71.3436,56.93,82,0,3.44,CL,1691370757
565,puerto deseado,-47.7503,-65.8938,34.61,61,6,14.72,AR,1691371016
566,tabatinga,-4.2525,-69.9381,77.09,94,20,2.3,BR,1691371016
567,senador jose porfirio,-2.5908,-51.9542,81.05,63,27,2.62,BR,1691371016
568,garissa,-0.4536,39.6401,72.21,83,73,17.49,KE,1691371016
